dsfdsf;0222222222;fdsfs@asa.adas;April 5, 2018, 1:42 pm
﻿asdsad;022222222;test@test.com;April 5, 2018, 1:40 pm
﻿sddsf;0211111111;test@test.com;April 5, 2018, 1:38 pm
﻿hgfh;023333333;test@test.com;April 5, 2018, 1:26 pm
﻿dgfgfds;023333333;test@test.com;April 5, 2018, 1:24 pm
﻿asdsa;022222222;test@test.com;April 5, 2018, 1:23 pm
﻿asdad;022222222;test@test.com;April 5, 2018, 1:20 pm
﻿sfsdf;0232121321;dasda@adad.das;April 5, 2018, 1:18 pm
﻿dsda;022222222;eweqw@ssdf.ff;April 5, 2018, 1:16 pm
﻿gfdgg;022222222;err@hju.mm;April 5, 2018, 1:15 pm
﻿Alex;021111111;test@test.com;April 5, 2018, 1:14 pm
﻿dasdasd;0222222222;test@test.com;April 5, 2018, 1:13 pm
﻿dasds;022222222;test@test.com;April 5, 2018, 1:13 pm
﻿dfgdf;023333333;test@test.com;April 5, 2018, 1:08 pm
﻿;;;April 5, 2018, 1:07 pm
﻿utyuty;022222222;test@test.com;April 5, 2018, 1:07 pm
﻿;;;April 5, 2018, 1:02 pm
﻿dasdad;1111111;test@test.com;April 5, 2018, 12:51 pm
﻿fdsf;;;April 5, 2018, 12:50 pm
﻿;;;April 5, 2018, 12:44 pm
﻿fdsfds;323232323;fsdfdsfsfds;April 5, 2018, 12:42 pm
Name;Phone;Email;Date
